Seq,∆G,∆GH,∆GH/LH,∆GL,∆GU,Uscore,∆GU',stem-length,T-ratio,M22,class
AGCCCCTCAAAAGAGGGGCCTTTTTTCTT,-14.7,-13.7,-0.721052632,4.1,-1.4,6.557687466,-2.951,7,0.8,1,0
AGCCCCTCGTAGAAGGGGCACTTTTTTTT,-11.7,-10.2,-0.536842105,5.2,-1.3,6.938092934,-5.351,6,0.8,1,0
AGCCCCTCGTCGAAGGGGCCCTTTTTTTT,-11.2,-10.2,-0.536842105,5.2,-1.3,6.938092934,-5.351,6,0.8,1,0
AGCCCCTCAACTGAGGGGCTGTTTTTCTC,-16,-15.3,-0.728571429,4.1,-2.7,5.911088615,-5.251,7,0.6,1,0
AGCCCCTCACATAAGGGGCCTTTTTTTTC,-11.2,-10.2,-0.536842105,5.2,-0.7,6.860608836,-3.301,6,0.8,1,0
AGCCCCTCTAGGAAGGGGCATTTTTTTTA,-11.7,-10.2,-0.536842105,5.2,0.2,6.860608836,-2.901,6,0.8,1,0
AGCCCCTCCGTTTAGGGGCTGTTTTTTTG,-12.3,-11.6,-0.552380952,5.4,-0.8,6.523837923,-4.601,6,0.7,1,0
AGCCCCTCAAATAAGGGGCCGTTTTTTTC,-11.2,-10.2,-0.536842105,5.2,-2.4,6.523837923,-5.651,6,0.7,1,0
AGCCCCTCCAAAAAGGGGCACTTTTTTTA,-11.7,-10.2,-0.536842105,5.2,-1.7,6.523837923,-5.651,6,0.7,1,0
AGCCCCTCCACGAAGGGGCCCTTTTTTTG,-11.2,-10.2,-0.536842105,5.2,-2.7,6.523837923,-6.701,6,0.7,1,0
AGCCCCTCTAGAAAGGGGCGCTTTTTTTA,-11.6,-10.2,-0.536842105,5.2,-2.3,6.523837923,-6.251,6,0.7,1,0
AGCCCCTCGGCCCAGGGGCGCTTTTTTTC,-11.5,-10.1,-0.531578947,5.3,-3.2,6.523837923,-6.651,6,0.7,1,0
AGCCCCTCTTCACAGGGGCGGTTTTTTTA,-11.5,-10.1,-0.531578947,5.3,-2.7,6.523837923,-6.451,6,0.7,1,0
AGCCCCTCGTTCGAGGGGCTTATTTTTTT,-15.4,-15.3,-0.728571429,4.1,0.4,5.452010466,-3.701,7,0.8,0,0
AGCCCCTCCCGATAGGGGCGCTTTTTTTG,-11.4,-10,-0.526315789,5.4,-3.3,6.523837923,-7.301,6,0.7,1,0
AGCCCCTCGATATAGGGGCGGTTTTTTTC,-11.4,-10,-0.526315789,5.4,-3.6,6.523837923,-6.851,6,0.7,1,0
AGCCCCTCTTAATAGGGGCAGTTTTTTTC,-11.5,-10,-0.526315789,5.4,-2.5,6.523837923,-5.751,6,0.7,1,0
AGCCCCTCGTTGGAGGGGCCTATTTTTTG,-15.6,-14.6,-0.768421053,3.2,-1.9,5.207072557,-5.051,7,0.7,0,0
AGCCCCTCAATTGAGGGGCCTATTTTTTT,-14.7,-13.7,-0.721052632,4.1,-0.5,5.452010466,-3.701,7,0.8,0,0
AGCCCCTCTAAGGAGGGGCGTATTTTTTG,-15.6,-14.2,-0.747368421,3.6,-2.1,5.207072557,-5.051,7,0.7,0,0
AGCCCCTCAAATAAGGGGCATTTTTTCTA,-11.7,-10.2,-0.536842105,5.2,-1.8,6.312749557,-3.251,6,0.7,1,0
AGCCCCTCGTTAAAGGGGCCTTTTTTCTG,-11.2,-10.2,-0.536842105,5.2,-2.8,6.312749557,-4.301,6,0.7,1,0
AGCCCCTCCATGCAGGGGCATTTTTTCTC,-11.6,-10.1,-0.531578947,5.3,-2.7,6.312749557,-3.651,6,0.7,1,0
AGCCCCTCAAGGAAGGGGCTCATTTTTTA,-11.9,-11.8,-0.561904762,5.2,-0.3,6.145631243,-5.017,6,0.6,0,0
AGCCCCTCACCAAAGGGGCTCATTTTTTC,-11.9,-11.8,-0.561904762,5.2,-1.2,6.145631243,-4.967,6,0.6,0,0
AGCCCCTCCGGTAAGGGGCTCATTTTTTG,-11.9,-11.8,-0.561904762,5.2,-1.3,6.145631243,-5.567,6,0.6,0,0
AGCCCCTCTGTTAAGGGGCTGATTTTTTC,-12.5,-11.8,-0.561904762,5.2,-1.6,6.145631243,-5.367,6,0.6,0,0
AGCCCCTCGTAGTAGGGGCATTTTTTCTC,-11.5,-10,-0.526315789,5.4,-2.7,6.312749557,-3.651,6,0.7,1,0
AGCCCCTCAGCATAGGGGCTGATTTTTTC,-12.3,-11.6,-0.552380952,5.4,-1.6,6.145631243,-5.367,6,0.6,0,0
AGCCCCTCGTTCTAGGGGCCCTTTTTCTT,-11,-10,-0.526315789,5.4,-3.3,6.187258623,-6.651,6,0.7,1,0
AGCCCCTCTGGCAAGGGGCTGTTTTTCTG,-12.5,-11.8,-0.561904762,5.2,-2.8,5.911088615,-5.901,6,0.6,1,0
AGCCCCTCTAGGTAGGGGCTCTTTTTCTA,-11.7,-11.6,-0.552380952,5.4,-1.6,5.911088615,-4.851,6,0.6,1,0
AGCCCCTCCTGTGAGGGGCCTATTTTTTG,-14,-13,-0.684210526,4.8,-1.9,5.207072557,-5.051,7,0.7,0,0
AGCCCCTCGATCGAGGGGCATATTTTCTT,-15.2,-13.7,-0.721052632,4.1,-2.5,5.005124977,-4.051,7,0.7,0,0
AGCCCCTCCCCAAAGGGGCAGTTTTTCTA,-11.7,-10.2,-0.536842105,5.2,-3.6,5.911088615,-6.651,6,0.6,1,0
AGCCCCTCCGGCAAGGGGCAGTTTTTCTC,-11.7,-10.2,-0.536842105,5.2,-4.5,5.911088615,-7.051,6,0.6,1,0
AGCCCCTCGAAAAAGGGGCCCTTTTTCTC,-11.2,-10.2,-0.536842105,5.2,-4.6,5.911088615,-7.351,6,0.6,1,0
AGCCCCTCGAGGAAGGGGCGGTTTTTCTA,-11.6,-10.2,-0.536842105,5.2,-4.7,5.911088615,-7.751,6,0.6,1,0
AGCCCCTCGCGAAAGGGGCACTTTTTCTG,-11.7,-10.2,-0.536842105,5.2,-4.7,5.911088615,-8.001,6,0.6,1,0
AGCCCCTCTTGGAAGGGGCGGTTTTTCTA,-11.6,-10.2,-0.536842105,5.2,-4.7,5.911088615,-7.751,6,0.6,1,0
AGCCCCTCCCAAAAGGGGCTGATTTTCTT,-12.5,-11.8,-0.561904762,5.2,-2.3,5.771654243,-7.317,6,0.6,0,0
AGCCCCTCGGGAAAGGGGCTCATTTTCTT,-11.9,-11.8,-0.561904762,5.2,-1.9,5.771654243,-6.917,6,0.6,0,0
AGCCCCTCGGTCCAGGGGCCCTTTTTCTA,-11.1,-10.1,-0.531578947,5.3,-3.7,5.911088615,-6.951,6,0.6,1,0
AGCCCCTCCGTTTAGGGGCAGTTTTTCTA,-11.5,-10,-0.526315789,5.4,-3.6,5.911088615,-6.651,6,0.6,1,0
AGCCCCTCGCCATAGGGGCGGTTTTTCTC,-11.4,-10,-0.526315789,5.4,-5.6,5.911088615,-8.151,6,0.6,1,0
AGCCCCTCTTCTTAGGGGCACTTTTTCTC,-11.5,-10,-0.526315789,5.4,-4.6,5.911088615,-7.351,6,0.6,1,0
AGCCCCTCTTTGTAGGGGCACTTTTTCTA,-11.5,-10,-0.526315789,5.4,-3.7,5.911088615,-6.951,6,0.6,1,0
AGCCCCTCACAATAGGGGCTCATTTTCTT,-11.7,-11.6,-0.552380952,5.4,-1.9,5.771654243,-6.917,6,0.6,0,0
AGCCCCTCGTATTAGGGGCTCATTTTCTT,-11.7,-11.6,-0.552380952,5.4,-1.9,5.771654243,-6.917,6,0.6,0,0
AGCCCCTCGGGTAAGGGGCTCATTTTCTC,-11.9,-11.8,-0.561904762,5.2,-3.2,5.462120829,-6.967,6,0.5,0,0
AGCCCCTCACGGAAGGGGCTTATTTTTTT,-11.9,-11.8,-0.561904762,5.2,0.4,5.452010466,-3.701,6,0.8,0,0
AGCCCCTCATGGTAGGGGCTCATTTTCTA,-11.7,-11.6,-0.552380952,5.4,-2.3,5.462120829,-7.017,6,0.5,0,0
AGCCCCTCCAATAAGGGGCTTATTTTTTA,-11.9,-11.8,-0.561904762,5.2,0,5.207072557,-4.001,6,0.7,0,0
AGCCCCTCCACAAAGGGGCTTATTTTTTA,-11.9,-11.8,-0.561904762,5.2,0,5.207072557,-4.001,6,0.7,0,0
AGCCCCTCCTCGAAGGGGCTTATTTTTTA,-11.9,-11.8,-0.561904762,5.2,0,5.207072557,-4.001,6,0.7,0,0
AGCCCCTCTACGCAGGGGCTTATTTTTTC,-11.8,-11.7,-0.557142857,5.3,-0.9,5.207072557,-4.401,6,0.7,0,0
AGCCCCTCCACCTAGGGGCTTATTTTTTG,-11.7,-11.6,-0.552380952,5.4,-1,5.207072557,-5.051,6,0.7,0,0
AGCCCCTCAAATAAGGGGCATATTTTTTA,-11.7,-10.2,-0.536842105,5.2,-0.9,5.207072557,-4.001,6,0.7,0,0
AGCCCCTCATCCCAGGGGCGTATTTTTTC,-11.5,-10.1,-0.531578947,5.3,-2,5.207072557,-4.401,6,0.7,0,0
AGCCCCTCGAGGCAGGGGCCTATTTTTTG,-11.1,-10.1,-0.531578947,5.3,-1.9,5.207072557,-5.051,6,0.7,0,0
AGCCCCTCGTGACAGGGGCATATTTTTTG,-11.6,-10.1,-0.531578947,5.3,-1.9,5.207072557,-5.051,6,0.7,0,0
AGCCCCTCTGGTCAGGGGCATATTTTTTC,-11.6,-10.1,-0.531578947,5.3,-1.8,5.207072557,-4.401,6,0.7,0,0
AGCCCCTCTACATAGGGGCATATTTTTTC,-11.5,-10,-0.526315789,5.4,-1.8,5.207072557,-4.401,6,0.7,0,0
AGCCCCTCGTATCAGGGGCATATTTTCTT,-11.6,-10.1,-0.531578947,5.3,-2.5,5.005124977,-4.051,6,0.7,0,0
AGCCCCTCTTTTTAGGGGCTTATTTTCTG,-11.7,-11.6,-0.552380952,5.4,-3,4.841833038,-5.401,6,0.6,0,0
AGCCCCTCCACTCAGGGGCCTATTTTCTC,-11.1,-10.1,-0.531578947,5.3,-3.8,4.841833038,-4.751,6,0.6,0,0
AGCCCCTCCCCTCAGGGGCCTATTTTCTA,-11.1,-10.1,-0.531578947,5.3,-2.9,4.841833038,-4.351,6,0.6,0,0
AGCCCCTCAAAATAGGGGCCTATTTTTTT,-11,-10,-0.526315789,5.4,-0.5,5.452010466,-3.701,6,0.8,0,1
AGCCCCTCAAAACAGGGGCGTATTTTTTT,-11.5,-10.1,-0.531578947,5.3,-0.7,5.452010466,-3.701,6,0.8,0,1
AGCCCCTCTAATCAGGGGCATATTTTTTT,-11.6,-10.1,-0.531578947,5.3,-0.5,5.452010466,-3.701,6,0.8,0,1
AGCCCCTCTTTTCAGGGGCGTATTTTTTT,-11.5,-10.1,-0.531578947,5.3,-0.7,5.452010466,-3.701,6,0.8,0,1
AGCCCCTCCATAAAGGGGCGTATTTTTTT,-11.6,-10.2,-0.536842105,5.2,-0.7,5.452010466,-3.701,6,0.8,0,1
AGCCCCTCTTAATAGGGGCTTATTTTTTT,-11.7,-11.6,-0.552380952,5.4,0.4,5.452010466,-3.701,6,0.8,0,1
AGCCCCTCCGGATAGGGGCTGATTTTCTC,-12.3,-11.6,-0.552380952,5.4,-3.6,5.462120829,-7.367,6,0.5,0,1
AGCCCCTCTCAGCAGGGGCTGATTTTCTC,-12.4,-11.7,-0.557142857,5.3,-3.6,5.462120829,-7.367,6,0.5,0,1
AGCCCCTCGACGAAGGGGCTGATTTTCTG,-12.5,-11.8,-0.561904762,5.2,-3.7,5.462120829,-7.967,6,0.5,0,1
AGCCCCTCTACAGAGGGGCTTATTTTCTC,-14.9,-14.8,-0.704761905,4.6,-2.9,4.841833038,-4.751,7,0.6,0,1
AGCCCCTCAAAAGAGGGGCATATTTTCTA,-15.2,-13.7,-0.721052632,4.1,-2.9,4.841833038,-4.351,7,0.6,0,1
AGCCCCTCTAAACAGGGGCCCTTTTTCTG,-11.1,-10.1,-0.531578947,5.3,-4.7,5.911088615,-8.001,6,0.6,1,1
AGCCCCTCAGAGAAGGGGCTGATTTTCTT,-12.5,-11.8,-0.561904762,5.2,-2.3,5.771654243,-7.317,6,0.6,0,1
AGCCCCTCACGCAAGGGGCAGTTTTTCTA,-11.7,-10.2,-0.536842105,5.2,-3.6,5.911088615,-6.651,6,0.6,1,1
AGCCCCTCAGACAAGGGGCACTTTTTCTC,-11.7,-10.2,-0.536842105,5.2,-4.6,5.911088615,-7.351,6,0.6,1,1
AGCCCCTCATACAAGGGGCGGTTTTTCTA,-11.6,-10.2,-0.536842105,5.2,-4.7,5.911088615,-7.751,6,0.6,1,1
AGCCCCTCCTATAAGGGGCGGTTTTTCTA,-11.6,-10.2,-0.536842105,5.2,-4.7,5.911088615,-7.751,6,0.6,1,1
AGCCCCTCGTCAAAGGGGCCCTTTTTCTA,-11.2,-10.2,-0.536842105,5.2,-3.7,5.911088615,-6.951,6,0.6,1,1
AGCCCCTCGTTTAAGGGGCCGTTTTTCTC,-11.2,-10.2,-0.536842105,5.2,-4.4,5.911088615,-6.951,6,0.6,1,1
AGCCCCTCTGAAAAGGGGCCGTTTTTCTA,-11.2,-10.2,-0.536842105,5.2,-3.5,5.911088615,-6.551,6,0.6,1,1
AGCCCCTCTTTAAAGGGGCAGTTTTTCTG,-11.7,-10.2,-0.536842105,5.2,-4.6,5.911088615,-7.701,6,0.6,1,1
AGCCCCTCAAAATAGGGGCTCTTTTTCTG,-11.7,-11.6,-0.552380952,5.4,-2.6,5.911088615,-5.901,6,0.6,1,1
AGCCCCTCCAATTAGGGGCTGTTTTTCTC,-12.3,-11.6,-0.552380952,5.4,-2.7,5.911088615,-5.251,6,0.6,1,1
AGCCCCTCATCTAAGGGGCTCTTTTTCTA,-11.9,-11.8,-0.561904762,5.2,-1.6,5.911088615,-4.851,6,0.6,1,1
AGCCCCTCCCGAGAGGGGCGTATTTTTTA,-14.6,-13.2,-0.694736842,4.6,-1.1,5.207072557,-4.001,7,0.7,0,1
AGCCCCTCAGAATAGGGGCACTTTTTCTT,-11.5,-10,-0.526315789,5.4,-3.3,6.187258623,-6.651,6,0.7,1,1
AGCCCCTCTACTTAGGGGCAGTTTTTCTT,-11.5,-10,-0.526315789,5.4,-3.2,6.187258623,-6.351,6,0.7,1,1
AGCCCCTCGCAGCAGGGGCCGTTTTTCTT,-11.1,-10.1,-0.531578947,5.3,-3.1,6.187258623,-6.251,6,0.7,1,1
AGCCCCTCAAGAGAGGGGCATATTTTTTA,-15.2,-13.7,-0.721052632,4.1,-0.9,5.207072557,-4.001,7,0.7,0,1
AGCCCCTCATATGAGGGGCATATTTTTTA,-15.2,-13.7,-0.721052632,4.1,-0.9,5.207072557,-4.001,7,0.7,0,1
AGCCCCTCTCTTAAGGGGCACTTTTTCTT,-11.7,-10.2,-0.536842105,5.2,-3.3,6.187258623,-6.651,6,0.7,1,1
AGCCCCTCTTTGAAGGGGCGGTTTTTCTT,-11.6,-10.2,-0.536842105,5.2,-4.3,6.187258623,-7.451,6,0.7,1,1
AGCCCCTCGGAAGAGGGGCTTATTTTCTT,-16.2,-16.1,-0.766666667,3.3,-1.6,5.005124977,-4.051,7,0.7,0,1
AGCCCCTCAAAATAGGGGCTCATTTTTTA,-11.7,-11.6,-0.552380952,5.4,-0.3,6.145631243,-5.017,6,0.6,0,1
AGCCCCTCAACATAGGGGCTCATTTTTTC,-11.7,-11.6,-0.552380952,5.4,-1.2,6.145631243,-4.967,6,0.6,0,1
AGCCCCTCCATTTAGGGGCTCATTTTTTA,-11.7,-11.6,-0.552380952,5.4,-0.3,6.145631243,-5.017,6,0.6,0,1
AGCCCCTCCCTATAGGGGCTCATTTTTTC,-11.7,-11.6,-0.552380952,5.4,-1.2,6.145631243,-4.967,6,0.6,0,1
AGCCCCTCTTATTAGGGGCTGATTTTTTA,-12.3,-11.6,-0.552380952,5.4,-0.7,6.145631243,-5.417,6,0.6,0,1
AGCCCCTCTTCTTAGGGGCTCATTTTTTC,-11.7,-11.6,-0.552380952,5.4,-1.2,6.145631243,-4.967,6,0.6,0,1
AGCCCCTCTGCGCAGGGGCTCATTTTTTC,-11.8,-11.7,-0.557142857,5.3,-1.2,6.145631243,-4.967,6,0.6,0,1
AGCCCCTCTTTTCAGGGGCTGATTTTTTA,-12.4,-11.7,-0.557142857,5.3,-0.7,6.145631243,-5.417,6,0.6,0,1
AGCCCCTCTCGTTAGGGGCGTTTTTTCTC,-11.4,-10,-0.526315789,5.4,-2.9,6.312749557,-3.651,6,0.7,1,1
AGCCCCTCAATAAAGGGGCTGATTTTTTG,-12.5,-11.8,-0.561904762,5.2,-1.7,6.145631243,-5.967,6,0.6,0,1
AGCCCCTCGAGAAAGGGGCTCATTTTTTC,-11.9,-11.8,-0.561904762,5.2,-1.2,6.145631243,-4.967,6,0.6,0,1
AGCCCCTCTTGCAAGGGGCTGATTTTTTA,-12.5,-11.8,-0.561904762,5.2,-0.7,6.145631243,-5.417,6,0.6,0,1
AGCCCCTCAGTACAGGGGCGTTTTTTCTA,-11.5,-10.1,-0.531578947,5.3,-2,6.312749557,-3.251,6,0.7,1,1
AGCCCCTCCCAGCAGGGGCCTTTTTTCTG,-11.1,-10.1,-0.531578947,5.3,-2.8,6.312749557,-4.301,6,0.7,1,1
AGCCCCTCTGAGCAGGGGCCTTTTTTCTA,-11.1,-10.1,-0.531578947,5.3,-1.8,6.312749557,-3.251,6,0.7,1,1
AGCCCCTCCTATGAGGGGCTTATTTTTTT,-14.7,-14.6,-0.695238095,4.8,0.4,5.452010466,-3.701,7,0.8,0,1
AGCCCCTCAACGAAGGGGCCTTTTTTCTG,-11.2,-10.2,-0.536842105,5.2,-2.8,6.312749557,-4.301,6,0.7,1,1
AGCCCCTCATCAAAGGGGCGTTTTTTCTA,-11.6,-10.2,-0.536842105,5.2,-2,6.312749557,-3.251,6,0.7,1,1
AGCCCCTCCGGTAAGGGGCATTTTTTCTA,-11.7,-10.2,-0.536842105,5.2,-1.8,6.312749557,-3.251,6,0.7,1,1
AGCCCCTCTGTTAAGGGGCTGTTTTTCTT,-12.5,-11.8,-0.561904762,5.2,-1.4,6.187258623,-4.551,6,0.7,1,1
AGCCCCTCGGGAGAGGGGCGTATTTTTTG,-15.9,-14.5,-0.763157895,3.3,-2.1,5.207072557,-5.051,7,0.7,0,1
AGCCCCTCCAAGGAGGGGCTTATTTTTTC,-16.2,-16.1,-0.766666667,3.3,-0.9,5.207072557,-4.401,7,0.7,0,1
AGCCCCTCAGTTGAGGGGCGTATTTTTTT,-15.1,-13.7,-0.721052632,4.1,-0.7,5.452010466,-3.701,7,0.8,0,1
AGCCCCTCACCCTAGGGGCGCTTTTTTTA,-11.4,-10,-0.526315789,5.4,-2.3,6.523837923,-6.251,6,0.7,1,1
AGCCCCTCAGTATAGGGGCCCTTTTTTTC,-11,-10,-0.526315789,5.4,-2.6,6.523837923,-6.051,6,0.7,1,1
AGCCCCTCATACTAGGGGCACTTTTTTTA,-11.5,-10,-0.526315789,5.4,-1.7,6.523837923,-5.651,6,0.7,1,1
AGCCCCTCCAGGTAGGGGCAGTTTTTTTC,-11.5,-10,-0.526315789,5.4,-2.5,6.523837923,-5.751,6,0.7,1,1
AGCCCCTCCCCATAGGGGCCCTTTTTTTC,-11,-10,-0.526315789,5.4,-2.6,6.523837923,-6.051,6,0.7,1,1
AGCCCCTCCTAATAGGGGCACTTTTTTTC,-11.5,-10,-0.526315789,5.4,-2.6,6.523837923,-6.051,6,0.7,1,1
AGCCCCTCTAATTAGGGGCCCTTTTTTTA,-11,-10,-0.526315789,5.4,-1.7,6.523837923,-5.651,6,0.7,1,1
AGCCCCTCGGTTAAGGGGCCGTTTTTTTA,-11.2,-10.2,-0.536842105,5.2,-1.5,6.523837923,-5.251,6,0.7,1,1
AGCCCCTCTAAGAAGGGGCGGTTTTTTTG,-11.6,-10.2,-0.536842105,5.2,-3.7,6.523837923,-7.501,6,0.7,1,1
AGCCCCTCTCTCAAGGGGCGGTTTTTTTA,-11.6,-10.2,-0.536842105,5.2,-2.7,6.523837923,-6.451,6,0.7,1,1
AGCCCCTCTTTAAAGGGGCACTTTTTTTC,-11.7,-10.2,-0.536842105,5.2,-2.6,6.523837923,-6.051,6,0.7,1,1
AGCCCCTCTGAGCAGGGGCCTTTTTTCTT,-11.1,-10.1,-0.531578947,5.3,-1.4,6.557687466,-2.951,6,0.8,1,1
AGCCCCTCACTGAAGGGGCATTTTTTCTT,-11.7,-10.2,-0.536842105,5.2,-1.4,6.557687466,-2.951,6,0.8,1,1
AGCCCCTCCGACTAGGGGCTCTTTTTTTA,-11.7,-11.6,-0.552380952,5.4,0.4,6.523837923,-3.551,6,0.7,1,1
AGCCCCTCTATCTAGGGGCTGTTTTTTTA,-12.3,-11.6,-0.552380952,5.4,0.2,6.523837923,-3.551,6,0.7,1,1
AGCCCCTCCCGACAGGGGCTCTTTTTTTC,-11.8,-11.7,-0.557142857,5.3,-0.5,6.523837923,-3.951,6,0.7,1,1
AGCCCCTCTCTTCAGGGGCTGTTTTTTTC,-12.4,-11.7,-0.557142857,5.3,-0.7,6.523837923,-3.951,6,0.7,1,1
AGCCCCTCTGAACAGGGGCTGTTTTTTTC,-12.4,-11.7,-0.557142857,5.3,-0.7,6.523837923,-3.951,6,0.7,1,1
AGCCCCTCGTGTAAGGGGCTGTTTTTTTG,-12.5,-11.8,-0.561904762,5.2,-0.8,6.523837923,-4.601,6,0.7,1,1
AGCCCCTCTGAAAAGGGGCTCTTTTTTTA,-11.9,-11.8,-0.561904762,5.2,0.4,6.523837923,-3.551,6,0.7,1,1
AGCCCCTCTTGTAAGGGGCTGTTTTTTTC,-12.5,-11.8,-0.561904762,5.2,-0.7,6.523837923,-3.951,6,0.7,1,1
AGCCCCTCGTCGAAGGGGCTTTTTTTCTT,-11.9,-11.8,-0.561904762,5.2,-0.5,6.557687466,-2.951,6,0.8,1,1
AGCCCCTCCCAGCAGGGGCTGATTTTTTT,-12.4,-11.7,-0.557142857,5.3,-0.3,6.609931365,-5.317,6,0.7,0,1
AGCCCCTCCGAAAAGGGGCTGATTTTTTT,-12.5,-11.8,-0.561904762,5.2,-0.3,6.609931365,-5.317,6,0.7,0,1
AGCCCCTCTAGAGAGGGGCACTTTTTCTA,-14.7,-13.2,-0.694736842,4.6,-3.7,5.911088615,-6.951,7,0.6,1,1
AGCCCCTCCACCGAGGGGCCGTTTTTCTC,-14.3,-13.3,-0.7,4.5,-4.4,5.911088615,-6.951,7,0.6,1,1
AGCCCCTCAGAATAGGGGCATTTTTTTTA,-11.5,-10,-0.526315789,5.4,0.2,6.860608836,-2.901,6,0.8,1,1
AGCCCCTCGTGTTAGGGGCCTTTTTTTTA,-11,-10,-0.526315789,5.4,0.2,6.860608836,-2.901,6,0.8,1,1
AGCCCCTCTGGATAGGGGCATTTTTTTTA,-11.5,-10,-0.526315789,5.4,0.2,6.860608836,-2.901,6,0.8,1,1
AGCCCCTCAATGCAGGGGCGTTTTTTTTA,-11.5,-10.1,-0.531578947,5.3,0,6.860608836,-2.901,6,0.8,1,1
AGCCCCTCCTGACAGGGGCATTTTTTTTG,-11.6,-10.1,-0.531578947,5.3,-0.8,6.860608836,-3.951,6,0.8,1,1
AGCCCCTCGTCTCAGGGGCGTTTTTTTTG,-11.5,-10.1,-0.531578947,5.3,-1,6.860608836,-3.951,6,0.8,1,1
AGCCCCTCCAGGAAGGGGCCTTTTTTTTA,-11.2,-10.2,-0.536842105,5.2,0.2,6.860608836,-2.901,6,0.8,1,1
AGCCCCTCGCTTAAGGGGCATTTTTTTTA,-11.7,-10.2,-0.536842105,5.2,0.2,6.860608836,-2.901,6,0.8,1,1
AGCCCCTCGGTTAAGGGGCGTTTTTTTTG,-11.6,-10.2,-0.536842105,5.2,-1,6.860608836,-3.951,6,0.8,1,1
AGCCCCTCGTTTAAGGGGCCTTTTTTTTG,-11.2,-10.2,-0.536842105,5.2,-0.8,6.860608836,-3.951,6,0.8,1,1
AGCCCCTCTGAGAAGGGGCATTTTTTTTG,-11.7,-10.2,-0.536842105,5.2,-0.8,6.860608836,-3.951,6,0.8,1,1
AGCCCCTCCGATTAGGGGCCGTTTTTTTT,-11,-10,-0.526315789,5.4,-1.1,6.938092934,-4.951,6,0.8,1,1
AGCCCCTCGTGATAGGGGCGGTTTTTTTT,-11.4,-10,-0.526315789,5.4,-2.3,6.938092934,-6.151,6,0.8,1,1
AGCCCCTCTTTTTAGGGGCACTTTTTTTT,-11.5,-10,-0.526315789,5.4,-1.3,6.938092934,-5.351,6,0.8,1,1
AGCCCCTCGAGCGAGGGGCCGTTTTTCTC,-14.7,-13.7,-0.721052632,4.1,-4.4,5.911088615,-6.951,7,0.6,1,1
AGCCCCTCCACTCAGGGGCACTTTTTTTT,-11.6,-10.1,-0.531578947,5.3,-1.3,6.938092934,-5.351,6,0.8,1,1
AGCCCCTCCTCAAAGGGGCACTTTTTTTT,-11.7,-10.2,-0.536842105,5.2,-1.3,6.938092934,-5.351,6,0.8,1,1
AGCCCCTCCATCCAGGGGCTTTTTTTTTA,-11.8,-11.7,-0.557142857,5.3,1.1,6.860608836,-2.901,6,0.8,1,1
AGCCCCTCAGCGAAGGGGCTTTTTTTTTC,-11.9,-11.8,-0.561904762,5.2,0.2,6.860608836,-3.301,6,0.8,1,1
AGCCCCTCGTTAGAGGGGCTCATTTTCTT,-16.2,-16.1,-0.766666667,3.3,-1.9,5.771654243,-6.917,7,0.6,0,1
AGCCCCTCAGTATAGGGGCTGTTTTTTTT,-12.3,-11.6,-0.552380952,5.4,0.6,6.938092934,-3.251,6,0.8,1,1
AGCCCCTCATTCTAGGGGCTCTTTTTTTT,-11.7,-11.6,-0.552380952,5.4,0.8,6.938092934,-3.251,6,0.8,1,1
AGCCCCTCTTAGGAGGGGCGGTTTTTCTA,-15.7,-14.3,-0.752631579,3.5,-4.7,5.911088615,-7.751,7,0.6,1,1
AGCCCCTCCGTGAAGGGGCTCTTTTTTTT,-11.9,-11.8,-0.561904762,5.2,0.8,6.938092934,-3.251,6,0.8,1,1
AGCCCCTCGCCAGAGGGGCAGTTTTTCTC,-16,-14.5,-0.763157895,3.3,-4.5,5.911088615,-7.051,7,0.6,1,1
AGCCCCTCCGTGGAGGGGCGTTTTTTCTA,-14.6,-13.2,-0.694736842,4.6,-2,6.312749557,-3.251,7,0.7,1,1
AGCCCCTCAAATGAGGGGCTGATTTTTTC,-16,-15.3,-0.728571429,4.1,-1.6,6.145631243,-5.367,7,0.6,0,1
AGCCCCTCGCATGAGGGGCTGATTTTTTC,-16,-15.3,-0.728571429,4.1,-1.6,6.145631243,-5.367,7,0.6,0,1
AGCCCCTCGCCCGAGGGGCCGTTTTTCTT,-14.7,-13.7,-0.721052632,4.1,-3.1,6.187258623,-6.251,7,0.7,1,1
AGCCCCTCAACATAGGGGCATTTTTTTTT,-11.5,-10,-0.526315789,5.4,0.6,7.228015699,-2.601,6,0.9,1,1
AGCCCCTCTCGATAGGGGCCTTTTTTTTT,-11,-10,-0.526315789,5.4,0.6,7.228015699,-2.601,6,0.9,1,1
AGCCCCTCTGGATAGGGGCATTTTTTTTT,-11.5,-10,-0.526315789,5.4,0.6,7.228015699,-2.601,6,0.9,1,1
AGCCCCTCCATCGAGGGGCGTTTTTTCTA,-14.7,-13.3,-0.7,4.5,-2,6.312749557,-3.251,7,0.7,1,1
AGCCCCTCATTCAAGGGGCGTTTTTTTTT,-11.6,-10.2,-0.536842105,5.2,0.4,7.228015699,-2.601,6,0.9,1,1
AGCCCCTCCTCGAAGGGGCATTTTTTTTT,-11.7,-10.2,-0.536842105,5.2,0.6,7.228015699,-2.601,6,0.9,1,1
AGCCCCTCGCGGAAGGGGCGTTTTTTTTT,-11.6,-10.2,-0.536842105,5.2,0.4,7.228015699,-2.601,6,0.9,1,1
AGCCCCTCACGTGAGGGGCCTTTTTTCTC,-14.7,-13.7,-0.721052632,4.1,-2.7,6.312749557,-3.651,7,0.7,1,1
AGCCCCTCCCCTGAGGGGCGGTTTTTTTC,-14.4,-13,-0.684210526,4.8,-3.6,6.523837923,-6.851,7,0.7,1,1
AGCCCCTCTTCTGAGGGGCCCTTTTTCTT,-15.3,-14.3,-0.752631579,3.5,-3.3,6.187258623,-6.651,7,0.7,1,1
AGCCCCTCCAGAGAGGGGCATTTTTTCTT,-14.7,-13.2,-0.694736842,4.6,-1.4,6.557687466,-2.951,7,0.8,1,1
AGCCCCTCCACAGAGGGGCTGTTTTTTTG,-15.5,-14.8,-0.704761905,4.6,-0.8,6.523837923,-4.601,7,0.7,1,1
AGCCCCTCCATCGAGGGGCGTTTTTTCTT,-14.7,-13.3,-0.7,4.5,-1.6,6.557687466,-2.951,7,0.8,1,1
AGCCCCTCACGGGAGGGGCCCTTTTTTTC,-14.6,-13.6,-0.715789474,4.2,-2.6,6.523837923,-6.051,7,0.7,1,1
AGCCCCTCAAAAGAGGGGCACTTTTTTTG,-15.2,-13.7,-0.721052632,4.1,-2.7,6.523837923,-6.701,7,0.7,1,1
AGCCCCTCGGTAGAGGGGCCTTTTTTCTA,-15.5,-14.5,-0.763157895,3.3,-1.8,6.312749557,-3.251,7,0.7,1,1
AGCCCCTCATTGGAGGGGCTGTTTTTTTA,-15.9,-15.2,-0.723809524,4.2,0.2,6.523837923,-3.551,7,0.7,1,1
AGCCCCTCTCACGAGGGGCTCTTTTTTTA,-15.3,-15.2,-0.723809524,4.2,0.4,6.523837923,-3.551,7,0.7,1,1
AGCCCCTCATATGAGGGGCTGTTTTTTTA,-16,-15.3,-0.728571429,4.1,0.2,6.523837923,-3.551,7,0.7,1,1
AGCCCCTCGACGGAGGGGCATTTTTTCTA,-16.1,-14.6,-0.768421053,3.2,-1.8,6.312749557,-3.251,7,0.7,1,1
AGCCCCTCGTGGGAGGGGCTTTTTTTCTA,-16.3,-16.2,-0.771428571,3.2,-0.9,6.312749557,-3.251,7,0.7,1,1
AGCCCCTCTAAGGAGGGGCGGTTTTTTTC,-15.6,-14.2,-0.747368421,3.6,-3.6,6.523837923,-6.851,7,0.7,1,1
AGCCCCTCCATTGAGGGGCATTTTTTTTA,-14.5,-13,-0.684210526,4.8,0.2,6.860608836,-2.901,7,0.8,1,1
AGCCCCTCGTGAGAGGGGCAGTTTTTTTA,-16,-14.5,-0.763157895,3.3,-1.6,6.523837923,-5.351,7,0.7,1,1
AGCCCCTCTGTAGAGGGGCTTTTTTTTTC,-14.9,-14.8,-0.704761905,4.6,0.2,6.860608836,-3.301,7,0.8,1,1
AGCCCCTCCCTCGAGGGGCTTTTTTTTTC,-15,-14.9,-0.70952381,4.5,0.2,6.860608836,-3.301,7,0.8,1,1
AGCCCCTCTACCGAGGGGCATTTTTTTTG,-15.1,-13.6,-0.715789474,4.2,-0.8,6.860608836,-3.951,7,0.8,1,1
AGCCCCTCAATTGAGGGGCGTTTTTTTTA,-15.1,-13.7,-0.721052632,4.1,0,6.860608836,-2.901,7,0.8,1,1
AGCCCCTCCACCGAGGGGCTGTTTTTTTT,-15.6,-14.9,-0.70952381,4.5,0.6,6.938092934,-3.251,7,0.8,1,1
AGCCCCTCTGTCGAGGGGCACTTTTTTTT,-15.1,-13.6,-0.715789474,4.2,-1.3,6.938092934,-5.351,7,0.8,1,1
AGCCCCTCTTTCGAGGGGCCGTTTTTTTT,-14.6,-13.6,-0.715789474,4.2,-1.1,6.938092934,-4.951,7,0.8,1,1
AGCCCCTCTCCGGAGGGGCAGTTTTTTTA,-16.6,-15.1,-0.794736842,2.7,-1.6,6.523837923,-5.351,7,0.7,1,1
AGCCCCTCTAGTGAGGGGCATTTTTTTTA,-15.8,-14.3,-0.752631579,3.5,0.2,6.860608836,-2.901,7,0.8,1,1
AGCCCCTCTAGGGAGGGGCATTTTTTTTT,-14.7,-13.2,-0.694736842,4.6,0.6,7.228015699,-2.601,7,0.9,1,1
AGCCCCTCTCGGGAGGGGCCTTTTTTTTT,-14.2,-13.2,-0.694736842,4.6,0.6,7.228015699,-2.601,7,0.9,1,1
AGCCCCTCGAGGGAGGGGCTTTTTTTTTC,-16.3,-16.2,-0.771428571,3.2,0.2,6.860608836,-3.301,7,0.8,1,1